Projektnummer;Registrationsnummer;Projekt-Bezeichnung;Gebaeude-Bezeichnung;Strasse des Gebäudes;PLZ;Ort;Kanton;BFS-Nummer;Labelstatus;Standard;Zertifizierungsart;Zertifizierungsstelle;Anzahl Gebäude;Einverstanden;Mutationsdatum;Eingereicht;Provisorisches Zertifikat;Definitives Zertifikat;EBF;Minergie-Kennzahl Anforderung;Minergie-Kennzahl berechnet;Heizwärmebedarf Anforderung;Heizwärmebedarf berechnet;Solar (m2);PV (kWp);qh-mp Berechnet;qh-mp Anforderung;EGID;ParzellenNummer;Gebaeude-Versicherungsnummer;X-Koordinate;Y-Koordinate;ZertifikatGebaeudeInfo;ZertifikatEnergieInfo
60942;ZH-9002;Winter World Wallisellen | Trakt C_D;Trakt C_D;Zielackerstrasse 24;8304;Wallisellen;ZH;69;provisorisch;Minergie;Label;Zertifizierungsstelle ZH;1;0;17.02.2021 11:20;18.09.2019 16:46;17.02.2021 11:20; ;723;45;-58.54;57.55;45; ; ; ; ; ;8281; ; ; ;Trakt C_D, Zielackerstrasse 24, 8304 Wallisellen;Luft-Wärmepumpe, Heizung, Gasfeuerung kondensierend und Photovoltaik
60941;ZH-9001;Winter World Wallisellen | Trakt B;Trakt B;Zielackerstrasse 24;8304;Wallisellen;ZH;69;provisorisch;Minergie;Label;Zertifizierungsstelle ZH;1;0;17.02.2021 11:20;18.09.2019 16:50;17.02.2021 11:20; ;1323;46.28;-60.39;45.2;35.88; ; ; ; ; ;8281; ; ; ;Trakt B, Zielackerstrasse 24, 8304 Wallisellen;Luft-Wärmepumpe, Heizung, Luft-Wärmepumpe, Warmwasser, Gasfeuerung kondensierend, Gas kondensierend Warmwasser und Photovoltaik
60939;ZH-9000;Winter World Wallisellen | Trakt A;Trakt A;Zielackerstrasse 26;8304;Wallisellen;ZH;69;provisorisch;Minergie;Label;Zertifizierungsstelle ZH;1;0;17.02.2021 11:19;18.09.2019 16:51;17.02.2021 11:19; ;765;58.96;-32.06;0;0; ; ; ; ; ;8281; ; ; ;Trakt A, Zielackerstrasse 26, 8304 Wallisellen;Luft-Wärmepumpe, Heizung, Oelfeuerung kondensierend und Photovoltaik
61391;ZH-347-ECO;Y80, Universität Zürich Irchel;Y80, Universität Zürich Irchel;Strickhofstrasse 40a;8057;Zürich;ZH;261;provisorisch;Minergie-ECO;Label;Zertifizierungsstelle ZH;1;1;10.05.2021 07:36;31.10.2019 10:29;10.05.2021 07:36; ;3647;50.64;45.19;37.08;32.2; ; ; ; ; ; ; ; ; ; ; 
61928;ZH-788-P;Lindenweg Haus B, Zell;Lindenweg Haus B;Lindenweg 7;8487;Zell;ZH;231;provisorisch;Minergie-P;Label;Zertifizierungsstelle ZH;1;1;05.02.2021 15:50;12.02.2020 12:55;05.02.2021 15:50; ;1059.4;52.26;46.61;23.65;23.61; ; ; ; ; ;7625; ; ; ;Lindenweg Haus B, Lindenweg 7, 8487 Zell;Fernwärme (<=25% nicht erneuerbar) und Photovoltaik
61942;ZH-789-P;Lindenweg Haus C, Zell;Lindenweg Haus C;Lindenweg 6;8487;Zell;ZH;231;provisorisch;Minergie-P;Label;Zertifizierungsstelle ZH;1;1;05.02.2021 15:51;12.02.2020 12:57;05.02.2021 15:51; ;1026.9;51.82;46.55;23.85;23.33; ; ; ; ; ;7625; ; ; ;Lindenweg Haus C, Lindenweg 6, 8487 Zell;Fernwärme (<=25% nicht erneuerbar) und Photovoltaik
61943;ZH-790-P;Lindenweg Haus D, Zell;Lindenweg Haus D;Lindenweg 5;8487;Zell;ZH;231;provisorisch;Minergie-P;Label;Zertifizierungsstelle ZH;1;1;05.02.2021 15:52;12.02.2020 12:58;05.02.2021 15:52; ;1147.5;53.97;48.67;23.23;22.67; ; ; ; ; ;7625; ; ; ;Lindenweg Haus D, Lindenweg 5, 8487 Zell;Fernwärme (<=25% nicht erneuerbar) und Photovoltaik
61944;ZH-791-P;Lindenweg Haus E, Zell;Lindenweg Haus E;Lindenweg 3;8487;Zell;ZH;231;provisorisch;Minergie-P;Label;Zertifizierungsstelle ZH;1;1;05.02.2021 15:52;12.02.2020 12:59;05.02.2021 15:52; ;1055.3;51.82;47.38;25;25; ; ; ; ; ;7625; ; ; ;Lindenweg Haus E, Lindenweg 3, 8487 Zell;Fernwärme (<=25% nicht erneuerbar) und Photovoltaik
61945;ZH-793-P;Lindenweg Haus F, Zell;Lindenweg Haus F;Lindenweg 4;8487;Zell;ZH;231;provisorisch;Minergie-P;Label;Zertifizierungsstelle ZH;1;1;15.02.2021 08:07;12.02.2020 13:00;15.02.2021 08:07; ;1426.7;51.82;46.72;24.17;23.92; ; ; ; ; ;7625; ; ; ;Lindenweg Haus F, Lindenweg 4, 8487 Zell;Fernwärme (<=25% nicht erneuerbar) und Photovoltaik
61946;ZH-794-P;Lindenweg Haus G, Zell;Lindenweg Haus G;Lindenweg 2;8487;Zell;ZH;231;provisorisch;Minergie-P;Label;Zertifizierungsstelle ZH;1;1;15.02.2021 08:08;12.02.2020 13:02;15.02.2021 08:08; ;1516.1;52.35;46.5;23.33;22.78; ; ; ; ; ;7625; ; ; ;Lindenweg Haus G, Lindenweg 2, 8487 Zell;Fernwärme (<=25% nicht erneuerbar) und Photovoltaik
63242;ZH-9547;Neubau Wohnüberbauung MFH Gossikonerstrasse 25;Neubau Wohnüberbauung MFH Gossikonerstrasse 25;Gossikonerstrasse 25;8126;Zumikon;ZH;160;provisorisch;Minergie;Label;Zertifizierungsstelle ZH;1;1;01.02.2021 16:09;19.06.2020 07:35;01.02.2021 16:09; ;740;55;50.25;34.82;34.44; ; ; ; ; ;4508; ; ; ;Neubau Wohnüberbauung MFH Gossikonerstrasse 25, Gossikonerstrasse 25, 8126 Zumikon;Erdsonden-WP, Heizung, Erdsonden-WP, Warmwasser und Photovoltaik
63242;ZH-9548;Neubau Wohnüberbauung MFH Gossikonerstrasse 25;Neubau Wohnüberbauung MFH Gossikonerstrasse 25;Gossikonerstrasse 25A;8126;Zumikon;ZH;160;provisorisch;Minergie;Label;Zertifizierungsstelle ZH;1;1;01.02.2021 16:09;19.06.2020 07:35;01.02.2021 16:09; ;253.8;55;50.25;34.82;34.44; ; ; ; ; ;4508; ; ; ;Neubau Wohnüberbauung MFH Gossikonerstrasse 25, Gossikonerstrasse 25A, 8126 Zumikon;Erdsonden-WP, Heizung, Erdsonden-WP, Warmwasser und Photovoltaik
63502;ZH-792-P;Neubau EFH Riedstrasse 7;Neubau EFH Riedstrasse;Riedstrasse 7;8824;Schönenberg;ZH;293;provisorisch;Minergie-P;Label;Zertifizierungsstelle ZH;1;0;10.02.2021 15:29;24.06.2020 07:54;10.02.2021 15:29; ;332;50;46.37;37.77;31; ; ; ; ; ; ; ; ; ;Neubau EFH Riedstrasse, Riedstrasse 7, 8824 Schönenberg;Erdsonden-WP, Heizung, Erdsonden-WP, Warmwasser und Photovoltaik
63142;ZH-9609;Neubau MFH Residenza Ottenbach;"MFH ""Residenza Ottenbach""";Ottenbacherstrasse 102;8909;Zwillikon;ZH;2;provisorisch;Minergie;Label;Zertifizierungsstelle ZH;1;1;12.05.2021 08:19;30.06.2020 14:36;12.05.2021 08:19; ;1974;55;46.73;30.55;22.78; ; ; ; ; ; ; ; ; ;"MFH ""Residenza Ottenbach"", Ottenbacherstrasse 102, 8909 Zwillikon";Erdsonden-WP, Heizung, Erdsonden-WP, Warmwasser, Elektro-Wassererwärmer und Photovoltaik
63361;ZH-343-ECO;Zollstrasse 20/36;Zollstrasse 20/36;Zollstrasse 20;8005;Zürich;ZH;261;provisorisch;Minergie-ECO;Label;Zertifizierungsstelle ZH;1;0;08.03.2021 14:18;02.07.2020 12:58;08.03.2021 14:18; ;4519.5;109.79;94.79;0;0; ; ; ; ; ; ; ; ; ;Zollstrasse 20/36, Zollstrasse 20, 8005 Zürich;Gasfeuerung, Luft-Wärmepumpe, Warmwasser und Photovoltaik
63361;ZH-344-ECO;Zollstrasse 20/36;Zollstrasse 20/36;Zollstrasse 36;8005;Zürich;ZH;261;provisorisch;Minergie-ECO;Label;Zertifizierungsstelle ZH;1;0;08.03.2021 14:18;02.07.2020 12:58;08.03.2021 14:18; ;4519.5;109.79;94.79;0;0; ; ; ; ; ; ; ; ; ;Zollstrasse 20/36, Zollstrasse 36, 8005 Zürich;Gasfeuerung, Luft-Wärmepumpe, Warmwasser und Photovoltaik
63241;ZH-9545;Neubau Wohnüberbauung MFH Gossikonerstrasse 23;Neubau Wohnüberbauung MFH Gossikonerstrasse 23;Gossikonerstrasse 23;8126;Zumikon;ZH;160;provisorisch;Minergie;Label;Zertifizierungsstelle ZH;1;0;01.02.2021 16:07;06.07.2020 14:18;01.02.2021 16:07; ;988;56.96;50.98;34.82;33.33; ; ; ; ; ;4508; ; ; ;Neubau Wohnüberbauung MFH Gossikonerstrasse 23, Gossikonerstrasse 23, 8126 Zumikon;Erdsonden-WP, Heizung, Erdsonden-WP, Warmwasser und Photovoltaik
63241;ZH-9546;Neubau Wohnüberbauung MFH Gossikonerstrasse 23;Neubau Wohnüberbauung EFH Gossikonerstrasse 23;Gossikonerstrasse 23A;8126;Zumikon;ZH;160;provisorisch;Minergie;Label;Zertifizierungsstelle ZH;1;0;01.02.2021 16:07;06.07.2020 14:18;01.02.2021 16:07; ;247.6;56.96;50.98;34.82;33.33; ; ; ; ; ;4508; ; ; ;Neubau Wohnüberbauung EFH Gossikonerstrasse 23, Gossikonerstrasse 23A, 8126 Zumikon;Erdsonden-WP, Heizung, Erdsonden-WP, Warmwasser und Photovoltaik
63622;ZH-9576;Wohnüberbauung Geerenstrasse Haus B1-B2;Häuser B1 - B2;Geerenstrasse 30;8302;Kloten;ZH;62;provisorisch;Minergie;Label;Zertifizierungsstelle ZH;1;1;17.02.2021 14:34;13.07.2020 14:45;17.02.2021 14:34; ;761.5;66.78;58.06;29.08;25.58; ; ; ; ; ; ; ; ; ;Häuser B1 - B2, Geerenstrasse 30, 8302 Kloten;Erdsonden-WP, Heizung, Erdsonden-WP, Warmwasser, Elektro-Wassererwärmer, Elektro direkt und Photovoltaik
63622;ZH-9577;Wohnüberbauung Geerenstrasse Haus B1-B2;Häuser B1 - B2;Geerenstrasse 32;8302;Kloten;ZH;62;provisorisch;Minergie;Label;Zertifizierungsstelle ZH;1;1;17.02.2021 14:34;13.07.2020 14:45;17.02.2021 14:34; ;761.6;66.78;58.06;29.08;25.58; ; ; ; ; ; ; ; ; ;Häuser B1 - B2, Geerenstrasse 32, 8302 Kloten;Erdsonden-WP, Heizung, Erdsonden-WP, Warmwasser, Elektro-Wassererwärmer, Elektro direkt und Photovoltaik
63622;ZH-9578;Wohnüberbauung Geerenstrasse Haus B1-B2;Häuser B1 - B2;Geerenstrasse 38;8302;Kloten;ZH;62;provisorisch;Minergie;Label;Zertifizierungsstelle ZH;1;1;17.02.2021 14:34;13.07.2020 14:45;17.02.2021 14:34; ;761.6;66.78;58.06;29.08;25.58; ; ; ; ; ; ; ; ; ;Häuser B1 - B2, Geerenstrasse 38, 8302 Kloten;Erdsonden-WP, Heizung, Erdsonden-WP, Warmwasser, Elektro-Wassererwärmer, Elektro direkt und Photovoltaik
63621;ZH-9573;Wohnüberbauung Geerenstrasse Haus C1-C3;Haus C1;Lindenstrasse 33;8302;Kloten;ZH;62;provisorisch;Minergie;Label;Zertifizierungsstelle ZH;1;1;17.02.2021 14:31;13.07.2020 14:45;17.02.2021 14:31; ;600;74.86;60.31;32.01;26.05; ; ; ; ; ; ; ; ; ;Haus C1, Lindenstrasse 33, 8302 Kloten;Luft-Wärmepumpe, Heizung, Luft-Wärmepumpe, Warmwasser, Elektro-Wassererwärmer, Elektro direkt und Photovoltaik
63621;ZH-9574;Wohnüberbauung Geerenstrasse Haus C1-C3;Haus C2;Lindenstrasse 31;8302;Kloten;ZH;62;provisorisch;Minergie;Label;Zertifizierungsstelle ZH;1;1;17.02.2021 14:31;13.07.2020 14:45;17.02.2021 14:31; ;1146.3;74.86;60.31;32.01;26.05; ; ; ; ; ; ; ; ; ;Haus C2, Lindenstrasse 31, 8302 Kloten;Luft-Wärmepumpe, Heizung, Luft-Wärmepumpe, Warmwasser, Elektro-Wassererwärmer, Elektro direkt und Photovoltaik
63621;ZH-9575;Wohnüberbauung Geerenstrasse Haus C1-C3;Haus C3;Lindenstrasse 29;8302;Kloten;ZH;62;provisorisch;Minergie;Label;Zertifizierungsstelle ZH;1;1;17.02.2021 14:31;13.07.2020 14:45;17.02.2021 14:31; ;1150.8;74.86;60.31;32.01;26.05; ; ; ; ; ; ; ; ; ;Haus C3, Lindenstrasse 29, 8302 Kloten;Luft-Wärmepumpe, Heizung, Luft-Wärmepumpe, Warmwasser, Elektro-Wassererwärmer, Elektro direkt und Photovoltaik
63625;ZH-9579;Wohnüberbauung Geerenstrasse Haus B3-B6;Häuser B3 - B6;Geerenstrasse 34;8302;Kloten;ZH;62;provisorisch;Minergie;Label;Zertifizierungsstelle ZH;1;1;17.02.2021 14:36;13.07.2020 14:46;17.02.2021 14:36; ;1768.7;66.2;59.72;29.18;29.22; ; ; ; ; ; ; ; ; ;Häuser B3 - B6, Geerenstrasse 34, 8302 Kloten;Luft-Wärmepumpe, Heizung, Luft-Wärmepumpe, Warmwasser, Elektro-Wassererwärmer, Elektro direkt und Photovoltaik
63625;ZH-9580;Wohnüberbauung Geerenstrasse Haus B3-B6;Häuser B3 - B6;Geerenstrasse 36;8302;Kloten;ZH;62;provisorisch;Minergie;Label;Zertifizierungsstelle ZH;1;1;17.02.2021 14:36;13.07.2020 14:46;17.02.2021 14:36; ;1768;66.2;59.72;29.18;29.22; ; ; ; ; ; ; ; ; ;Häuser B3 - B6, Geerenstrasse 36, 8302 Kloten;Luft-Wärmepumpe, Heizung, Luft-Wärmepumpe, Warmwasser, Elektro-Wassererwärmer, Elektro direkt und Photovoltaik
63620;ZH-9605;Überbauung Obstgarten Haus A/B;Haus A;Morgenstrasse 24;8620;Wetzikon;ZH;121;provisorisch;Minergie;Label;Zertifizierungsstelle ZH;1;1;10.05.2021 11:54;14.07.2020 16:20;10.05.2021 11:54; ;1023.5;61.46;57.07;30.85;27.22; ; ; ; ; ; ; ; ; ;Haus A, Morgenstrasse 24, 8620 Wetzikon;Luft-Wärmepumpe, Heizung, Luft-Wärmepumpe, Warmwasser, Elektro-Wassererwärmer und Photovoltaik
63620;ZH-9606;Überbauung Obstgarten Haus A/B;Haus B;Morgenstrasse 26;8620;Wetzikon;ZH;121;provisorisch;Minergie;Label;Zertifizierungsstelle ZH;1;1;10.05.2021 11:54;14.07.2020 16:20;10.05.2021 11:54; ;1023.5;61.46;57.07;30.85;27.22; ; ; ; ; ; ; ; ; ;Haus B, Morgenstrasse 26, 8620 Wetzikon;Luft-Wärmepumpe, Heizung, Luft-Wärmepumpe, Warmwasser, Elektro-Wassererwärmer und Photovoltaik
63619;ZH-9604;Überbauung Obstgarten Haus C;Haus C;Morgenstrasse 28;8620;Wetzikon;ZH;121;provisorisch;Minergie;Label;Zertifizierungsstelle ZH;1;1;10.05.2021 11:57;14.07.2020 16:22;10.05.2021 11:57; ;963.5;56.77;51.99;34.13;33.89; ; ; ; ; ; ; ; ; ;Haus C, Morgenstrasse 28, 8620 Wetzikon;Luft-Wärmepumpe, Heizung, Luft-Wärmepumpe, Warmwasser, Elektro direkt, Elektro-Wassererwärmer und Photovoltaik
63716;ZH-9614;Geschäftshaus Schader;Geschäftshaus Schader;General-Guisan-Quai 26;8002;Zürich;ZH;261;provisorisch;Minergie;Label;Zertifizierungsstelle ZH;1;0;25.05.2021 11:20;23.07.2020 16:20;25.05.2021 11:20; ;13362;117.07;115.59;0;0; ; ; ; ; ; ; ; ; ;Geschäftshaus Schader, General-Guisan-Quai 26, 8002 Zürich;Wasser-Wärmepumpe, Heizung, Wasser-WP, Warmwasser, Gasfeuerung kondensierend und Photovoltaik
64057;ZH-9559;NB Gewerbe Höslistrasse Bubikon;Neubau Gewerbe;Höslistrasse 14;8608;Bubikon;ZH;112;provisorisch;Minergie;Label;Zertifizierungsstelle ZH;1;1;22.02.2021 11:55;18.09.2020 13:46;01.02.2021 16:47; ;3063.5;51.67;45.12;43.32;30.3; ; ; ; ; ; ; ; ; ;Neubau Gewerbe, Höslistrasse 14, 8608 Bubikon;WKK Holz - therm.+elektr. Anteil, WKK - thermischer+elektr. Anteil und WKK - thermischer+elektr. Anteil
64057;ZH-9582;NB Gewerbe Höslistrasse Bubikon;Neubau Gewerbe;Höslistrasse 16;8608;Bubikon;ZH;112;provisorisch;Minergie;Label;Zertifizierungsstelle ZH;1;1;22.02.2021 11:55;18.09.2020 13:46;01.02.2021 16:47; ;3063.5;51.67;45.12;43.32;30.3; ; ; ; ; ; ; ; ; ;Neubau Gewerbe, Höslistrasse 16, 8608 Bubikon;WKK Holz - therm.+elektr. Anteil, WKK - thermischer+elektr. Anteil und WKK - thermischer+elektr. Anteil
64045;ZH-9549;NB MFH (Haus 1) Höslistrasse Bubikon;Neubau MFH (Haus 1);Höslistrasse 2;8608;Bubikon;ZH;112;provisorisch;Minergie;Label;Zertifizierungsstelle ZH;1;1;01.02.2021 16:32;18.09.2020 13:47;01.02.2021 16:32; ;577.5;60.06;36.3;32.15;25.78; ; ; ; ; ; ; ; ; ;Neubau MFH (Haus 1), Höslistrasse 2, 8608 Bubikon;WKK Holz - therm.+elektr. Anteil, WKK - thermischer+elektr. Anteil und WKK - thermischer+elektr. Anteil
64047;ZH-9550;NB MFH (Haus 2) Höslistrasse Bubikon;Neubau MFH (Haus 2);Höslistrasse 2;8608;Bubikon;ZH;112;provisorisch;Minergie;Label;Zertifizierungsstelle ZH;1;1;01.02.2021 16:37;18.09.2020 13:47;01.02.2021 16:37; ;609;59.36;36.31;31.85;28.22; ; ; ; ; ; ; ; ; ;Neubau MFH (Haus 2), Höslistrasse 2, 8608 Bubikon;WKK Holz - therm.+elektr. Anteil, WKK - thermischer+elektr. Anteil und WKK - thermischer+elektr. Anteil
64048;ZH-9551;NB MFH (Haus 3) Höslistrasse Bubikon;Neubau MFH (Haus 3);Höslistrasse 2 + 4;8608;Bubikon;ZH;112;provisorisch;Minergie;Label;Zertifizierungsstelle ZH;1;1;01.02.2021 16:38;18.09.2020 13:48;01.02.2021 16:38; ;1013.5;61.95;38.1;31.55;25.97; ; ; ; ; ; ; ; ; ;Neubau MFH (Haus 3), Höslistrasse 2 + 4, 8608 Bubikon;WKK Holz - therm.+elektr. Anteil, WKK - thermischer+elektr. Anteil und WKK - thermischer+elektr. Anteil
64049;ZH-9552;NB MFH (Haus 4) Höslistrasse Bubikon;Neubau MFH (Haus 4);Höslistrasse 4;8608;Bubikon;ZH;112;provisorisch;Minergie;Label;Zertifizierungsstelle ZH;1;1;01.02.2021 16:38;18.09.2020 13:48;01.02.2021 16:38; ;962.5;61.14;36.32;30.51;23.75; ; ; ; ; ; ; ; ; ;Neubau MFH (Haus 4), Höslistrasse 4, 8608 Bubikon;WKK Holz - therm.+elektr. Anteil, WKK - thermischer+elektr. Anteil und WKK - thermischer+elektr. Anteil
64050;ZH-9553;NB MFH (Haus 5) Höslistrasse Bubikon;Neubau MFH (Haus 5);Höslistrasse 6;8608;Bubikon;ZH;112;provisorisch;Minergie;Label;Zertifizierungsstelle ZH;1;1;01.02.2021 16:39;18.09.2020 13:48;01.02.2021 16:39; ;609;59.36;36.95;32.44;29.5; ; ; ; ; ; ; ; ; ;Neubau MFH (Haus 5), Höslistrasse 6, 8608 Bubikon;WKK Holz - therm.+elektr. Anteil, WKK - thermischer+elektr. Anteil und WKK - thermischer+elektr. Anteil
64051;ZH-9554;NB MFH (Haus 6) Höslistrasse Bubikon;Neubau MFH (Haus 6);Höslistrasse 6 + 8;8608;Bubikon;ZH;112;provisorisch;Minergie;Label;Zertifizierungsstelle ZH;1;1;01.02.2021 16:40;18.09.2020 13:49;01.02.2021 16:40; ;854;64.82;42.63;32;29.97; ; ; ; ; ; ; ; ; ;Neubau MFH (Haus 6), Höslistrasse 6 + 8, 8608 Bubikon;WKK Holz - therm.+elektr. Anteil, WKK - thermischer+elektr. Anteil und WKK - thermischer+elektr. Anteil
64052;ZH-9555;NB MFH (Haus 7) Höslistrasse Bubikon;Neubau MFH (Haus 7);Höslistrasse 8;8608;Bubikon;ZH;112;provisorisch;Minergie;Label;Zertifizierungsstelle ZH;1;1;01.02.2021 16:42;18.09.2020 13:49;01.02.2021 16:42; ;581.5;59.97;33.38;30.07;26.58; ; ; ; ; ; ; ; ; ;Neubau MFH (Haus 7), Höslistrasse 8, 8608 Bubikon;WKK Holz - therm.+elektr. Anteil, WKK - thermischer+elektr. Anteil und WKK - thermischer+elektr. Anteil
64053;ZH-9556;NB MFH (Haus 8) Höslistrasse Bubikon;Neubau MFH (Haus 8);Höslistrasse 10;8608;Bubikon;ZH;112;provisorisch;Minergie;Label;Zertifizierungsstelle ZH;1;1;01.02.2021 16:42;18.09.2020 13:50;01.02.2021 16:42; ;552.5;60.67;35.81;31.4;29.03; ; ; ; ; ; ; ; ; ;Neubau MFH (Haus 8), Höslistrasse 10, 8608 Bubikon;WKK Holz - therm.+elektr. Anteil, WKK - thermischer+elektr. Anteil und WKK - thermischer+elektr. Anteil
64054;ZH-9557;NB MFH (Haus 9) Höslistrasse Bubikon;Neubau MFH (Haus 9);Höslistrasse 10 + 12;8608;Bubikon;ZH;112;provisorisch;Minergie;Label;Zertifizierungsstelle ZH;1;1;01.02.2021 16:44;18.09.2020 13:50;01.02.2021 16:44; ;716;61.07;41.69;32.15;30.94; ; ; ; ; ; ; ; ; ;Neubau MFH (Haus 9), Höslistrasse 10 + 12, 8608 Bubikon;WKK Holz - therm.+elektr. Anteil, WKK - thermischer+elektr. Anteil und WKK - thermischer+elektr. Anteil
64055;ZH-9558;NB MFH (Haus 10) Höslistrasse Bubikon;Neubau MFH (Haus 10);Höslistrasse 12;8608;Bubikon;ZH;112;provisorisch;Minergie;Label;Zertifizierungsstelle ZH;1;1;01.02.2021 16:45;18.09.2020 13:51;01.02.2021 16:45; ;504;56.44;39;36.01;34.64; ; ; ; ; ; ; ; ; ;Neubau MFH (Haus 10), Höslistrasse 12, 8608 Bubikon;WKK Holz - therm.+elektr. Anteil, WKK - thermischer+elektr. Anteil und WKK - thermischer+elektr. Anteil
64254;ZH-783-P;MINERGIE-P Neubau EFH Gloor, Marthalen;Neubau EFH Ruesstrass, 8460 Marthalen;Ruesstrass 999;8460;Dübendorf348;ZH;35;provisorisch;Minergie-P;Label;Zertifizierungsstelle ZH;1;1;06.01.2021 14:17;06.10.2020 08:30;06.01.2021 14:17; ;348.4;50;46.48;30.35;27.2; ; ; ; ; ;3266; ; ; ;Neubau EFH Ruesstrass, 8460 Marthalen, Ruesstrass 999, 8460 Dübendorf348;Erdsonden-WP, Heizung, Erdsonden-WP, Warmwasser und Photovoltaik
63966;ZH-9583;LSB2 Lokstadt Elefant;LSB2 Lokstadt Elefant;Zürcherstrasse 31;8400;Winterthur;ZH;230;provisorisch;Minergie;Label;Zertifizierungsstelle ZH;1;1;24.02.2021 14:44;13.10.2020 12:44;24.02.2021 14:44; ;15021;90.86;74.24;27.98;19.44; ; ; ; ; ; ; ; ; ;LSB2 Lokstadt Elefant, Zürcherstrasse 31, 8400 Winterthur;Fernwärme (<=25% nicht erneuerbar) und Photovoltaik
64337;ZH-9597;Umbau Pfrundweidstrasse 12, Wetzikon;Umbau EFH Jucker;Pfrundweidstrasse 12;8620;Wetzikon;ZH;121;provisorisch;Minergie;Label;Zertifizierungsstelle ZH;1;1;30.03.2021 13:14;13.10.2020 15:47;30.03.2021 13:14; ;300;55;32.84;45.25;43.14; ; ; ; ; ;1417;2560; ; ;Umbau EFH Jucker, Pfrundweidstrasse 12, 8620 Wetzikon;Erdsonden-WP, Heizung, Erdsonden-WP, Warmwasser, Holzfeuerung und Photovoltaik
64379;ZH-9542;MFH Opfikonerstrasse;MFH Opfikonerstrasse;Opfikonerstrasse 7;8303;Bassersdorf;ZH;52;provisorisch;Minergie;Label;Zertifizierungsstelle ZH;1;1;06.01.2021 13:46;21.10.2020 08:47;06.01.2021 13:46; ;642.4;55.8;53.26;46.45;31; ; ; ; ; ; ; ; ; ;MFH Opfikonerstrasse, Opfikonerstrasse 7, 8303 Bassersdorf;Luft-Wärmepumpe, Heizung, Luft-Wärmepumpe, Warmwasser, Elektro-Wassererwärmer, Elektro direkt und Photovoltaik
64455;ZH-9572;Im Heuried 68/70;Im Heuried 68/70;Im Heuried 68/70;8055;Zürich;ZH;261;provisorisch;Minergie;Label;Zertifizierungsstelle ZH;1;1;17.02.2021 14:28;29.10.2020 16:54;17.02.2021 14:28; ;2383;58.93;58.62;29.62;19.44; ; ; ; ; ; ; ; ; ;Im Heuried 68/70, Im Heuried 68/70, 8055 Zürich;Erdsonden-WP, Heizung, Erdsonden-WP, Warmwasser und Photovoltaik
64516;ZH-807-P;Ersatzneubau Mehrfamilienhaus Südstrasse 4, 8304 Wallisellen;Südstrasse 4;Südstrasse 4;8304;Wallisellen;ZH;69;provisorisch;Minergie-P;Label;Zertifizierungsstelle ZH;1;1;26.04.2021 15:55;04.11.2020 15:41;26.04.2021 15:55; ;1269;50.39;36.77;23.23;22.78; ; ; ; ; ; ; ; ; ;Südstrasse 4, Südstrasse 4, 8304 Wallisellen;Solarenergie Heizung + WW, Luft-Wärmepumpe, Heizung, Luft-Wärmepumpe, Warmwasser und Luft-Wärmepumpe, Warmwasser
64377;ZH-9602;MFH Bergstrasse 7, 8800 Thalwil;NB MFH Bergstrasse 7;Bergstrasse 7;8800;Thalwil;ZH;141;provisorisch;Minergie;Label;Zertifizierungsstelle ZH;1;1;22.04.2021 07:50;04.11.2020 16:51;22.04.2021 07:50; ;944;58.2;56.36;35.78;31.9; ; ; ; ; ; ; ; ; ;NB MFH Bergstrasse 7, Bergstrasse 7, 8800 Thalwil;Erdsonden-WP, Heizung, Erdsonden-WP, Warmwasser und Photovoltaik
64575;ZH-9585;Ersatzneubau Riedacker, Zürich-Schwamendingen, Haus Nord;Haus Nord, Eingang 1;Altwiesenstrasse 188;8051;Zürich;ZH;261;provisorisch;Minergie;Label;Zertifizierungsstelle ZH;1;1;15.03.2021 11:31;11.11.2020 12:22;15.03.2021 11:31; ;2457.4;60.1;34.59;29.8;21.7; ; ; ; ; ; ; ; ; ;Haus Nord, Eingang 1, Altwiesenstrasse 188, 8051 Zürich;Fernwärme (<=25% nicht erneuerbar) und Photovoltaik
64575;ZH-9586;Ersatzneubau Riedacker, Zürich-Schwamendingen, Haus Nord;Haus Nord, Eingang 2;Altwiesenstrasse 186;8051;Zürich;ZH;261;provisorisch;Minergie;Label;Zertifizierungsstelle ZH;1;1;15.03.2021 11:31;11.11.2020 12:22;15.03.2021 11:31; ;2457.4;60.1;34.59;29.8;21.7; ; ; ; ; ; ; ; ; ;Haus Nord, Eingang 2, Altwiesenstrasse 186, 8051 Zürich;Fernwärme (<=25% nicht erneuerbar) und Photovoltaik
64576;ZH-9587;Ersatzneubau Riedacker, Zürich-Schwamendingen, Haus Süd;Haus Süd, Eingang 1;Altwiesenstrasse 180;8051;Zürich;ZH;261;provisorisch;Minergie;Label;Zertifizierungsstelle ZH;1;1;15.03.2021 11:34;11.11.2020 12:24;15.03.2021 11:34; ;1784.4;55.67;27.72;33.25;19.2; ; ; ; ; ; ; ; ; ;Haus Süd, Eingang 1, Altwiesenstrasse 180, 8051 Zürich;Fernwärme (<=25% nicht erneuerbar) und Photovoltaik
64576;ZH-9588;Ersatzneubau Riedacker, Zürich-Schwamendingen, Haus Süd;Haus Süd, Eingang 2;Altwiesenstrasse 182;8051;Zürich;ZH;261;provisorisch;Minergie;Label;Zertifizierungsstelle ZH;1;1;15.03.2021 11:34;11.11.2020 12:24;15.03.2021 11:34; ;1784.3;55.67;27.72;33.25;19.2; ; ; ; ; ; ; ; ; ;Haus Süd, Eingang 2, Altwiesenstrasse 182, 8051 Zürich;Fernwärme (<=25% nicht erneuerbar) und Photovoltaik
64576;ZH-9589;Ersatzneubau Riedacker, Zürich-Schwamendingen, Haus Süd;Haus Süd, Eingang 3;Altwiesenstrasse 184;8051;Zürich;ZH;261;provisorisch;Minergie;Label;Zertifizierungsstelle ZH;1;1;15.03.2021 11:34;11.11.2020 12:24;15.03.2021 11:34; ;1784.3;55.67;27.72;33.25;19.2; ; ; ; ; ; ; ; ; ;Haus Süd, Eingang 3, Altwiesenstrasse 184, 8051 Zürich;Fernwärme (<=25% nicht erneuerbar) und Photovoltaik
64630;ZH-787-P;Ersatzneubau EFH Rütenenstrasse, Haus 3;Haus 3;Rütenenstrasse 1c;8102;Oberengstringen;ZH;245;provisorisch;Minergie-P;Label;Zertifizierungsstelle ZH;1;1;01.02.2021 17:30;17.11.2020 10:45;01.02.2021 17:30; ;236;50;38.42;32.22;29.16; ; ; ; ; ; ; ; ; ;Haus 3, Rütenenstrasse 1c, 8102 Oberengstringen;Erdsonden-WP, Heizung, Erdsonden-WP, Warmwasser und Photovoltaik
64629;ZH-786-P;Ersatzneubau EFH Rütenenstrasse, Haus 2;Haus 2;Rütenenstrasse 1b;8102;Oberengstringen;ZH;245;provisorisch;Minergie-P;Label;Zertifizierungsstelle ZH;1;1;01.02.2021 17:29;17.11.2020 10:52;01.02.2021 17:29; ;229;50;32.47;35.96;32.22; ; ; ; ; ; ; ; ; ;Haus 2, Rütenenstrasse 1b, 8102 Oberengstringen;Erdsonden-WP, Heizung, Erdsonden-WP, Warmwasser und Photovoltaik
64587;ZH-9560;Neubau MFH Haus A;Neubau MFH A;Zwillikerstrasse 26;8913;Ottenbach;ZH;11;provisorisch;Minergie;Label;Zertifizierungsstelle ZH;1;1;01.02.2021 17:01;19.11.2020 11:14;01.02.2021 17:01; ;824.7;57.33;56.89;34.82;32.03; ; ; ; ; ; ; ; ; ;Neubau MFH A, Zwillikerstrasse 26, 8913 Ottenbach;Erdsonden-WP, Heizung, Erdsonden-WP, Warmwasser, Elektro-Wassererwärmer und Photovoltaik
64588;ZH-9561;Neubau MFH Haus B;Neubau MFH B;Zwillikerstrasse 28;8913;Ottenbach;ZH;11;provisorisch;Minergie;Label;Zertifizierungsstelle ZH;1;1;01.02.2021 17:02;19.11.2020 11:14;01.02.2021 17:02; ;854.1;55;53.14;34.67;32.5; ; ; ; ; ; ; ; ; ;Neubau MFH B, Zwillikerstrasse 28, 8913 Ottenbach;Erdsonden-WP, Heizung, Erdsonden-WP, Warmwasser, Elektro-Wassererwärmer und Photovoltaik
64691;ZH-9562;Ersatzneubau EFH Rütenenstrasse, Haus 1;Haus 1;Rütenenstrasse 1a;8102;Oberengstringen;ZH;245;provisorisch;Minergie;Label;Zertifizierungsstelle ZH;1;1;01.02.2021 17:28;20.11.2020 10:42;01.02.2021 17:28; ;214;55;48.58;49.3;34.2; ; ; ; ; ; ; ; ; ;Haus 1, Rütenenstrasse 1a, 8102 Oberengstringen;Erdsonden-WP, Heizung, Erdsonden-WP, Warmwasser, Solarenergie Heizung + WW und 
64712;ZH-824-P;Neubau Mehrfamilienhaus Alte Lindauerstrasse  7 8309 Nürensdorf;Mehrfamilienhaus;Alte Lindauerstrasse 7;8309;Nürensdorf;ZH;64;provisorisch;Minergie-P;Label;Zertifizierungsstelle ZH;1;1;28.05.2021 08:04;21.11.2020 15:23;28.05.2021 08:04; ;824.5;50;48.92;23.44;22.22; ; ; ; ; ; ; ; ; ;Mehrfamilienhaus, Alte Lindauerstrasse 7, 8309 Nürensdorf;Erdsonden-WP, Heizung, Erdsonden-WP, Warmwasser, Elektro-Wassererwärmer und Photovoltaik
64733;ZH-9594;Ersatzneubau MFH Regensdorferstrasse;Ersatzneubau MFH Regensdorferstrasse;Regensdorferstrasse 60;8049;Zürich;ZH;261;provisorisch;Minergie;Label;Zertifizierungsstelle ZH;1;1;15.03.2021 08:55;25.11.2020 07:20;15.03.2021 08:55; ;1125.3;55;54.51;31.63;27.69; ; ; ; ; ; ; ; ; ;Ersatzneubau MFH Regensdorferstrasse, Regensdorferstrasse 60, 8049 Zürich;Erdsonden-WP, Heizung, Erdsonden-WP, Warmwasser und Photovoltaik
63900;ZH-9567;UB MFH Müllerstrasse 8 Zürich;Umbau MFH;Müllerstrasse 8;8004;Zürich;ZH;261;provisorisch;Minergie;Label;Zertifizierungsstelle ZH;1;1;10.02.2021 14:47;25.11.2020 13:03;10.02.2021 14:47; ;834.8;116.74;90.32;0;0; ; ; ; ; ; ; ; ; ;Umbau MFH, Müllerstrasse 8, 8004 Zürich;Luft-Wärmepumpe, Heizung, Luft-Wärmepumpe, Warmwasser, Elektro-Wassererwärmer und Photovoltaik
64736;ZH-9544;Neubau MFH Güetliweg;Neubau MFH;Güetliweg 4;8050;Zürich;ZH;261;provisorisch;Minergie;Label;Zertifizierungsstelle ZH;1;1;20.01.2021 10:44;25.11.2020 16:34;20.01.2021 10:44; ;833.1;58.48;56.46;36.72;28.33; ; ; ; ; ; ; ; ; ;Neubau MFH, Güetliweg 4, 8050 Zürich;Fernwärme (<=25% nicht erneuerbar) und Photovoltaik
64690;ZH-9569;Neubau EFH Haus B Erlenweg Esslingen;EFH Haus B;Erlenweg 21;8133;Esslingen;ZH;192;provisorisch;Minergie;Label;Zertifizierungsstelle ZH;1;1;10.02.2021 14:51;26.11.2020 08:50;10.02.2021 14:51; ;334.8;55;37.69;44.81;44.72; ; ; ; ; ; ; ; ; ;EFH Haus B, Erlenweg 21, 8133 Esslingen;Erdsonden-WP, Heizung, Erdsonden-WP, Warmwasser, Elektro-Wassererwärmer und Photovoltaik
64689;ZH-9568;Neubau EFH Haus A Erlenweg Esslingen;EFH Haus A;Erlenweg 23;8133;Esslingen;ZH;192;provisorisch;Minergie;Label;Zertifizierungsstelle ZH;1;1;10.02.2021 14:51;26.11.2020 08:50;10.02.2021 14:51; ;314;55;40.8;44.69;41.11; ; ; ; ; ; ; ; ; ;EFH Haus A, Erlenweg 23, 8133 Esslingen;Erdsonden-WP, Heizung, Erdsonden-WP, Warmwasser, Elektro-Wassererwärmer und Photovoltaik
64770;ZH-9543;EFH Treichler, Muristrasse 13;Umbau EFH Treichler, Muristrasse 13;Muristrasse 13;8912;Obfelden;ZH;10;provisorisch;Minergie;Label;Zertifizierungsstelle ZH;1;1;06.01.2021 13:41;26.11.2020 13:51;06.01.2021 13:41; ;178.8;102.13;32.34;0;0; ; ; ; ; ; ; ; ; ;Umbau EFH Treichler, Muristrasse 13, Muristrasse 13, 8912 Obfelden;Erdsonden-WP, Heizung, Erdsonden-WP, Warmwasser, Elektro-Wassererwärmer und Photovoltaik
64529;ZH-9590;Sanierung Wohn-/ und Geschäftsgebäude, Fähnlibrunnenstrasse 3+5;Totalsanierung;Fähnlibrunnenstrasse 3;8700;Küsnacht;ZH;154;provisorisch;Minergie;Label;Zertifizierungsstelle ZH;1;1;15.03.2021 11:43;27.11.2020 13:30;15.03.2021 11:43; ;1943;103.27;87.56;0;0; ; ; ; ; ;9948; ; ; ;Totalsanierung, Fähnlibrunnenstrasse 3, 8700 Küsnacht;Luft-Wärmepumpe, Heizung, Luft-Wärmepumpe, Warmwasser, Elektro-Wassererwärmer und Photovoltaik
64529;ZH-9591;Sanierung Wohn-/ und Geschäftsgebäude, Fähnlibrunnenstrasse 3+5;Totalsanierung;Fähnlibrunnenstrasse 5;8700;Küsnacht;ZH;154;provisorisch;Minergie;Label;Zertifizierungsstelle ZH;1;1;15.03.2021 11:43;27.11.2020 13:30;15.03.2021 11:43; ;1943;103.27;87.56;0;0; ; ; ; ; ;9950; ; ; ;Totalsanierung, Fähnlibrunnenstrasse 5, 8700 Küsnacht;Luft-Wärmepumpe, Heizung, Luft-Wärmepumpe, Warmwasser, Elektro-Wassererwärmer und Photovoltaik
64777;ZH-342-ECO;Neubau Labor- und Bürogebäude ETH HPQ;Neubau Labor- und Bürogebäude;Gebäude HPQ;8049;Zürich;ZH;261;provisorisch;Minergie-ECO;Label;Zertifizierungsstelle ZH;1;1;20.01.2021 10:45;30.11.2020 10:46;20.01.2021 10:45; ;26492;84.32;71.31;25.11;15.52; ; ; ; ; ; ; ; ; ;Neubau Labor- und Bürogebäude, 8049 Zürich;Erdsonden-WP, Heizung, Elektro-Wassererwärmer und Photovoltaik
64607;ZH-345-ECO;Ersatzneubau Letzigraben 114/116;Ersatzneubau Letzigraben 114/116;Letzigraben 114;8047;Zürich;ZH;261;provisorisch;Minergie-ECO;Label;Zertifizierungsstelle ZH;1;1;08.03.2021 14:26;02.12.2020 10:11;08.03.2021 14:26; ;1993.3;60.31;51.87;27.99;22.94; ; ; ; ;302065774;AR4022;AR00305;2679950;1247883;Ersatzneubau Letzigraben 114/116, Letzigraben 114, 8047 Zürich;Erdsonden-WP, Heizung, Erdsonden-WP, Warmwasser, Elektro-Wassererwärmer und Photovoltaik
64607;ZH-346-ECO;Ersatzneubau Letzigraben 114/116;Ersatzneubau Letzigraben 114/116;Letzigraben 116;8047;Zürich;ZH;261;provisorisch;Minergie-ECO;Label;Zertifizierungsstelle ZH;1;1;08.03.2021 14:26;02.12.2020 10:11;08.03.2021 14:26; ;1993;60.31;51.87;27.99;22.94; ; ; ; ;302011083;AR4022;AR00305;2679968;1247872;Ersatzneubau Letzigraben 114/116, Letzigraben 116, 8047 Zürich;Erdsonden-WP, Heizung, Erdsonden-WP, Warmwasser, Elektro-Wassererwärmer und Photovoltaik
64835;ZH-785-P;20.149 Ersatzneubau KIGA Looren;Ersatzneubau Krippen & Kindergarten Looren;Obstgartenstrasse 17;8302;Kloten;ZH;62;provisorisch;Minergie-P;Label;Zertifizierungsstelle ZH;1;1;06.01.2021 14:46;03.12.2020 05:51;06.01.2021 14:46; ;1822;32.6;32.22;28.3;27.22; ; ; ; ; ; ; ; ; ;Ersatzneubau Krippen & Kindergarten Looren, Obstgartenstrasse 17, 8302 Kloten;Luft-Wärmepumpe, Heizung, Luft-Wärmepumpe, Warmwasser, Elektro-Wassererwärmer und Photovoltaik
64009;ZH-828-P;Ersatzneubau Siedlung Frohalp Haus A;Neubau Haus A1;Verenastrasse 18;8038;Zürich;ZH;261;provisorisch;Minergie-P;Label;Zertifizierungsstelle ZH;1;1;25.05.2021 18:12;04.12.2020 09:42;25.05.2021 18:12; ;1553.2;52.02;45.66;20.63;18.86; ; ; ; ; ; ; ; ; ;Neubau Haus A1, Verenastrasse 18, 8038 Zürich;Erdsonden-WP, Heizung, Erdsonden-WP, Warmwasser und Photovoltaik
64009;ZH-829-P;Ersatzneubau Siedlung Frohalp Haus A;Neubau Haus A2;Verenastrasse 16;8038;Zürich;ZH;261;provisorisch;Minergie-P;Label;Zertifizierungsstelle ZH;1;1;25.05.2021 18:12;04.12.2020 09:42;25.05.2021 18:12; ;1533.6;52.02;45.66;20.63;18.86; ; ; ; ; ; ; ; ; ;Neubau Haus A2, Verenastrasse 16, 8038 Zürich;Erdsonden-WP, Heizung, Erdsonden-WP, Warmwasser und Photovoltaik
64017;ZH-830-P;Ersatzneubau Siedlung Frohalp Haus B;Neubau Haus B1;Verenastrasse 12;8038;Zürich;ZH;261;provisorisch;Minergie-P;Label;Zertifizierungsstelle ZH;1;1;25.05.2021 18:15;04.12.2020 09:42;25.05.2021 18:15; ;1554.2;53.93;44.27;21.05;19.22; ; ; ; ; ; ; ; ; ;Neubau Haus B1, Verenastrasse 12, 8038 Zürich;Erdsonden-WP, Heizung, Erdsonden-WP, Warmwasser und Photovoltaik
64017;ZH-831-P;Ersatzneubau Siedlung Frohalp Haus B;Neubau Haus B2;Verenastrasse 10;8038;Zürich;ZH;261;provisorisch;Minergie-P;Label;Zertifizierungsstelle ZH;1;1;25.05.2021 18:15;04.12.2020 09:42;25.05.2021 18:15; ;1520.5;53.93;44.27;21.05;19.22; ; ; ; ; ; ; ; ; ;Neubau Haus B2, Verenastrasse 10, 8038 Zürich;Erdsonden-WP, Heizung, Erdsonden-WP, Warmwasser und Photovoltaik
64020;ZH-832-P;Ersatzneubau Siedlung Frohalp Haus C;Neubau Haus C1;Verenastrasse 6;8038;Zürich;ZH;261;provisorisch;Minergie-P;Label;Zertifizierungsstelle ZH;1;1;25.05.2021 11:38;04.12.2020 09:43;25.05.2021 11:38; ;1341.4;54.01;45.73;21.67;21.33; ; ; ; ; ; ; ; ; ;Neubau Haus C1, Verenastrasse 6, 8038 Zürich;Erdsonden-WP, Heizung, Erdsonden-WP, Warmwasser und Photovoltaik
64020;ZH-833-P;Ersatzneubau Siedlung Frohalp Haus C;Neubau Haus C2;Verenastrasse 4;8038;Zürich;ZH;261;provisorisch;Minergie-P;Label;Zertifizierungsstelle ZH;1;1;25.05.2021 11:38;04.12.2020 09:43;25.05.2021 11:38; ;1032.5;54.01;45.73;21.67;21.33; ; ; ; ; ; ; ; ; ;Neubau Haus C2, Verenastrasse 4, 8038 Zürich;Erdsonden-WP, Heizung, Erdsonden-WP, Warmwasser und Photovoltaik
64021;ZH-834-P;Ersatzneubau Siedlung Frohalp Haus D;Neubau Haus D;Butzenstrasse 47;8038;Zürich;ZH;261;provisorisch;Minergie-P;Label;Zertifizierungsstelle ZH;1;1;25.05.2021 18:18;04.12.2020 09:53;25.05.2021 18:18; ;882;55.28;53.92;23.65;22.53; ; ; ; ; ; ; ; ; ;Neubau Haus D, Butzenstrasse 47, 8038 Zürich;Erdsonden-WP, Heizung, Erdsonden-WP, Warmwasser und Photovoltaik
64651;ZH-9564;Chratz32;EFH;Luzernerstrasse 32;8903;Birmensdorf;ZH;242;provisorisch;Minergie;Label;Zertifizierungsstelle ZH;1;1;03.02.2021 09:30;08.12.2020 09:48;03.02.2021 09:30; ;465;90;65.51;0;0; ; ; ; ; ; ; ; ; ;EFH, Luzernerstrasse 32, 8903 Birmensdorf;Erdsonden-WP, Heizung, Erdsonden-WP, Warmwasser und Photovoltaik
64934;ZH-9581;Neubau GH;Neubau GH;Poststrasse 5;8610;Uster;ZH;198;provisorisch;Minergie;Label;Zertifizierungsstelle ZH;1;1;22.02.2021 10:13;10.12.2020 13:21;22.02.2021 10:13; ;779.5;81.81;80.95;41.19;35; ; ; ; ; ; ; ; ; ;Neubau GH, Poststrasse 5, 8610 Uster;Erdsonden-WP, Heizung, Erdsonden-WP, Warmwasser, Elektro direkt, Elektro-Wassererwärmer und Photovoltaik
64133;ZH-784-P;Neubau 2FH Brun, Tannbühlstrasse 5;Neubau 2FH Brun;Tannbühlstrasse 5;8908;Hedingen;ZH;5;provisorisch;Minergie-P;Label;Zertifizierungsstelle ZH;1;1;06.01.2021 14:23;10.12.2020 17:15;06.01.2021 14:23; ;408.1;50;16.04;30.45;28.83; ; ; ; ; ; ; ; ; ;Neubau 2FH Brun, Tannbühlstrasse 5, 8908 Hedingen;Erdsonden-WP, Heizung, Erdsonden-WP, Warmwasser und Photovoltaik
64988;ZH-9584;Neubau MFH, Wipkingerweg 6, 8037 Zürich;MFH;Wipkingerweg 6;8037;Zürich;ZH;261;provisorisch;Minergie;Label;Zertifizierungsstelle ZH;1;1;03.03.2021 09:44;16.12.2020 08:17;03.03.2021 09:44; ;1324.6;64.16;63.94;31.85;30.56; ; ; ; ; ; ; ; ; ;MFH, Wipkingerweg 6, 8037 Zürich;Erdsonden-WP, Heizung, Erdsonden-WP, Warmwasser, Elektro-Wassererwärmer und Photovoltaik
64994;ZH-9595;Neubau Generationenhaus;Neubau Generationenhaus;Schulhausweg 5;8824;Schönenberg;ZH;293;provisorisch;Minergie;Label;Zertifizierungsstelle ZH;1;0;16.03.2021 09:04;16.12.2020 15:49;16.03.2021 09:04; ;789;57.8;20.8;40.45;34.1; ; ; ; ; ; ; ; ; ;Neubau Generationenhaus, Schulhausweg 5, 8824 Schönenberg;Erdsonden-WP, Heizung, Erdsonden-WP, Warmwasser, Elektro-Wassererwärmer, Solarenergie therm. Warmwasser und Photovoltaik
64966;ZH-314-P-ECO;Hardau I, Gebäude A;Ersatzneubau Wohnsiedlung Hardau I, Gebäude A;Hardstrasse 37;8004;Zürich;ZH;261;provisorisch;Minergie-P-ECO;Label;Zertifizierungsstelle ZH;1;0;26.04.2021 16:18;17.12.2020 10:10;26.04.2021 16:18; ;1628.1;63.92;55.17;20.36;19.55; ; ; ; ; ; ; ; ; ;Ersatzneubau Wohnsiedlung Hardau I, Gebäude A, Hardstrasse 37, 8004 Zürich;Fernwärme (>50% erneuerbar) und Photovoltaik
64966;ZH-315-P-ECO;Hardau I, Gebäude A;Ersatzneubau Wohnsiedlung Hardau I, Gebäude A;Hardstrasse 39;8004;Zürich;ZH;261;provisorisch;Minergie-P-ECO;Label;Zertifizierungsstelle ZH;1;0;26.04.2021 16:18;17.12.2020 10:10;26.04.2021 16:18; ;1626.1;63.92;55.17;20.36;19.55; ; ; ; ; ; ; ; ; ;Ersatzneubau Wohnsiedlung Hardau I, Gebäude A, Hardstrasse 39, 8004 Zürich;Fernwärme (>50% erneuerbar) und Photovoltaik
64966;ZH-316-P-ECO;Hardau I, Gebäude A;Ersatzneubau Wohnsiedlung Hardau I, Gebäude A;Hardstrasse 41;8004;Zürich;ZH;261;provisorisch;Minergie-P-ECO;Label;Zertifizierungsstelle ZH;1;0;26.04.2021 16:18;17.12.2020 10:10;26.04.2021 16:18; ;1624.1;63.92;55.17;20.36;19.55; ; ; ; ; ; ; ; ; ;Ersatzneubau Wohnsiedlung Hardau I, Gebäude A, Hardstrasse 41, 8004 Zürich;Fernwärme (>50% erneuerbar) und Photovoltaik
64722;ZH-799-P;ENB Alterswohnungen Stöckli;ENB Alterswohnungen Stöckli;Buchzelgstrasse 47;8053;Zürich;ZH;261;provisorisch;Minergie-P;Label;Zertifizierungsstelle ZH;1;0;08.03.2021 14:10;17.12.2020 14:37;08.03.2021 14:10; ;4757.8;59.01;57.57;21.7;21.5; ; ; ; ;157669;WI2864; ; ; ;ENB Alterswohnungen Stöckli, Buchzelgstrasse 47, 8053 Zürich;Erdsonden-WP, Heizung, Erdsonden-WP, Warmwasser und Photovoltaik
64936;ZH-795-P;Neubau EFH Schneider;Neubau EFH Schneider;Gartenheimstrasse 3;8304;Wallisellen;ZH;69;provisorisch;Minergie-P;Label;Zertifizierungsstelle ZH;1;1;24.02.2021 10:52;17.12.2020 14:59;24.02.2021 10:52; ;329;50;39.46;35.34;33.06; ; ; ; ; ; ; ; ; ;Neubau EFH Schneider, Gartenheimstrasse 3, 8304 Wallisellen;Luft-Wärmepumpe, Heizung, Luft-Wärmepumpe, Warmwasser, Solarenergie therm. Warmwasser und Photovoltaik
64905;ZH-9563;20163 Neubau MFH, Im Punt 2, Kat.-NR.6880, 8308 Illnau;20163 Neubau MFH, Im Punt 2, Kat.-Nr. 6880, 8308 Illnau;Im Punt 2;8308;Illnau;ZH;296;provisorisch;Minergie;Label;Zertifizierungsstelle ZH;1;1;01.02.2021 17:16;17.12.2020 14:59;01.02.2021 17:16; ;1307.2;56.69;53.77;30.22;28.95; ; ; ; ; ; ; ; ; ;20163 Neubau MFH, Im Punt 2, Kat.-Nr. 6880, 8308 Illnau, Im Punt 2, 8308 Illnau;Erdsonden-WP, Heizung, Erdsonden-WP, Warmwasser, Elektro-Wassererwärmer und Photovoltaik
65010;ZH-800-P;Ersatzneubau Siedlung Lerchenfeld, Haus A;Haus A-TH1;Lerchenweg 999;8600;Dübendorf;ZH;191;provisorisch;Minergie-P;Label;Zertifizierungsstelle ZH;1;1;15.03.2021 11:04;23.12.2020 11:11;15.03.2021 11:04; ;1680.7;58.95;55.57;20.11;18.8; ; ; ; ; ; ; ; ; ;Haus A-TH1, Lerchenweg 999, 8600 Dübendorf;Erdsonden-WP, Heizung, Wasser-WP, Warmwasser und Photovoltaik
65010;ZH-801-P;Ersatzneubau Siedlung Lerchenfeld, Haus A;Haus A-TH2;Lerchenweg 998;8600;Dübendorf;ZH;191;provisorisch;Minergie-P;Label;Zertifizierungsstelle ZH;1;1;15.03.2021 11:04;23.12.2020 11:11;15.03.2021 11:04; ;1680.7;58.95;55.57;20.11;18.8; ; ; ; ; ; ; ; ; ;Haus A-TH2, Lerchenweg 998, 8600 Dübendorf;Erdsonden-WP, Heizung, Wasser-WP, Warmwasser und Photovoltaik
65010;ZH-802-P;Ersatzneubau Siedlung Lerchenfeld, Haus A;Haus A-TH3;Lerchenweg 997;8600;Dübendorf;ZH;191;provisorisch;Minergie-P;Label;Zertifizierungsstelle ZH;1;1;15.03.2021 11:04;23.12.2020 11:11;15.03.2021 11:04; ;1680.6;58.95;55.57;20.11;18.8; ; ; ; ; ; ; ; ; ;Haus A-TH3, Lerchenweg 997, 8600 Dübendorf;Erdsonden-WP, Heizung, Wasser-WP, Warmwasser und Photovoltaik
65010;ZH-803-P;Ersatzneubau Siedlung Lerchenfeld, Haus A;Haus A-TH4;Lerchenweg 996;8600;Dübendorf;ZH;191;provisorisch;Minergie-P;Label;Zertifizierungsstelle ZH;1;1;15.03.2021 11:04;23.12.2020 11:11;15.03.2021 11:04; ;1680.6;58.95;55.57;20.11;18.8; ; ; ; ; ; ; ; ; ;Haus A-TH4, Lerchenweg 996, 8600 Dübendorf;Erdsonden-WP, Heizung, Wasser-WP, Warmwasser und Photovoltaik
65148;ZH-9565;Erneuerung EFH Im Laubegg 14;Erneuerung EFH Im Laubegg 14;Im Laubegg 14;8406;Winterthur;ZH;230;provisorisch;Minergie;Label;Zertifizierungsstelle ZH;1;1;10.02.2021 14:17;11.01.2021 11:30;10.02.2021 14:17; ;117.6;97.31;18.84;0;0; ; ; ; ; ; ; ; ; ;Erneuerung EFH Im Laubegg 14, Im Laubegg 14, 8406 Winterthur;Erdsonden-WP, Heizung, Erdsonden-WP, Warmwasser, Solarenergie therm. Warmwasser und Photovoltaik
65150;ZH-804-P;Ersatzneubau Siedlung Lerchenfeld, Haus B;Haus B-TH1;Lerchenweg 995;8600;Dübendorf;ZH;191;provisorisch;Minergie-P;Label;Zertifizierungsstelle ZH;1;1;15.03.2021 11:08;11.01.2021 15:23;15.03.2021 11:08; ;1895.1;57.17;51.22;17.1;16.2; ; ; ; ; ; ; ; ; ;Haus B-TH1, Lerchenweg 995, 8600 Dübendorf;Erdsonden-WP, Heizung, Wasser-WP, Warmwasser und Photovoltaik
65150;ZH-805-P;Ersatzneubau Siedlung Lerchenfeld, Haus B;Haus B-TH2;Lerchenweg 994;8600;Dübendorf;ZH;191;provisorisch;Minergie-P;Label;Zertifizierungsstelle ZH;1;1;15.03.2021 11:08;11.01.2021 15:23;15.03.2021 11:08; ;1895.1;57.17;51.22;17.1;16.2; ; ; ; ; ; ; ; ; ;Haus B-TH2, Lerchenweg 994, 8600 Dübendorf;Erdsonden-WP, Heizung, Wasser-WP, Warmwasser und Photovoltaik
65150;ZH-806-P;Ersatzneubau Siedlung Lerchenfeld, Haus B;Haus B-TH3;Lerchenweg 993;8600;Dübendorf;ZH;191;provisorisch;Minergie-P;Label;Zertifizierungsstelle ZH;1;1;15.03.2021 11:08;11.01.2021 15:23;15.03.2021 11:08; ;1895;57.17;51.22;17.1;16.2; ; ; ; ; ; ; ; ; ;Haus B-TH3, Lerchenweg 993, 8600 Dübendorf;Erdsonden-WP, Heizung, Wasser-WP, Warmwasser und Photovoltaik
65149;ZH-9566;Erneuerung EFH Im Laubegg 16;Erneuerung EFH Im Laubegg 16;Im Laubegg 16;8406;Winterthur;ZH;230;provisorisch;Minergie;Label;Zertifizierungsstelle ZH;1;1;10.02.2021 14:17;12.01.2021 10:47;10.02.2021 14:17; ;117.6;97.31;15.5;0;0; ; ; ; ; ; ; ; ; ;Erneuerung EFH Im Laubegg 16, Im Laubegg 16, 8406 Winterthur;Erdsonden-WP, Heizung, Erdsonden-WP, Warmwasser, Solarenergie therm. Warmwasser und Photovoltaik
65166;ZH-9570;EFH Steinhölzlistrasse 11;EFH Steinhölzlistrasse 11;Steinhölzlistrasse 11;8247;Flurlingen ZH;ZH;29;provisorisch;Minergie;Systemerneuerung;Zertifizierungsstelle ZH;1;1;17.02.2021 14:19;13.01.2021 14:10;17.02.2021 14:19; ;257; ; ; ; ; ; ; ; ; ; ; ; ; ;EFH Steinhölzlistrasse 11, Steinhölzlistrasse 11, 8247 Flurlingen ZH;Wasser-Wärmepumpe, Heizung, Wasser-WP, Warmwasser und Photovoltaik
65165;ZH-9571;"20.293 ""Leeacher"" Neubau MFH";"""Leeacher"" Neubau MFH";Leeacherstrasse 51;8123;Ebmatingen;ZH;195;provisorisch;Minergie;Label;Zertifizierungsstelle ZH;1;1;17.02.2021 14:24;13.01.2021 14:31;17.02.2021 14:24; ;893;55;53.11;40.61;37.03; ; ; ; ; ; ; ; ; ;"""Leeacher"" Neubau MFH, Leeacherstrasse 51, 8123 Ebmatingen";Erdsonden-WP, Heizung, Erdsonden-WP, Warmwasser, Elektro-Wassererwärmer und Photovoltaik
65004;ZH-810-P;BBZ - Ersatzneubau Baugewerbliche Berufsschule Zürich;BBZ Ersatzneubau Baugewerbliche Berufsschule;Limmatstrasse 45;8005;Zürich;ZH;261;provisorisch;Minergie-P;Label;Zertifizierungsstelle ZH;1;1;28.04.2021 13:59;19.01.2021 12:17;28.04.2021 13:59; ;9226;45.2;40.79;26.3;26.11; ; ; ; ; ; ; ; ; ; ; 
65313;ZH-813-P;NEUHEGI, BAUFELD 4.3, Winterthur;NEUHEGI, BAUFELD 4.3, Winterthur;Solarstrasse 21;8400;Winterthur;ZH;230;provisorisch;Minergie-P;Label;Zertifizierungsstelle ZH;1;0;12.05.2021 07:49;01.02.2021 08:24;12.05.2021 07:49; ;2415.3;62.18;47.59;18.89;16.83; ; ; ; ; ; ; ; ; ;NEUHEGI, BAUFELD 4.3, Winterthur, Solarstrasse 21, 8400 Winterthur;Fernwärme (<=25% nicht erneuerbar) und Photovoltaik
65313;ZH-814-P;NEUHEGI, BAUFELD 4.3, Winterthur;NEUHEGI, BAUFELD 4.3, Winterthur;Solarstrasse 23;8400;Winterthur;ZH;230;provisorisch;Minergie-P;Label;Zertifizierungsstelle ZH;1;0;12.05.2021 07:49;01.02.2021 08:24;12.05.2021 07:49; ;2415.3;62.18;47.59;18.89;16.83; ; ; ; ; ; ; ; ; ;NEUHEGI, BAUFELD 4.3, Winterthur, Solarstrasse 23, 8400 Winterthur;Fernwärme (<=25% nicht erneuerbar) und Photovoltaik
65313;ZH-815-P;NEUHEGI, BAUFELD 4.3, Winterthur;NEUHEGI, BAUFELD 4.3, Winterthur;Solarstrasse 25;8400;Winterthur;ZH;230;provisorisch;Minergie-P;Label;Zertifizierungsstelle ZH;1;0;12.05.2021 07:49;01.02.2021 08:24;12.05.2021 07:49; ;2415.3;62.18;47.59;18.89;16.83; ; ; ; ; ; ; ; ; ;NEUHEGI, BAUFELD 4.3, Winterthur, Solarstrasse 25, 8400 Winterthur;Fernwärme (<=25% nicht erneuerbar) und Photovoltaik
65313;ZH-816-P;NEUHEGI, BAUFELD 4.3, Winterthur;NEUHEGI, BAUFELD 4.3, Winterthur;Solarstrasse 27;8400;Winterthur;ZH;230;provisorisch;Minergie-P;Label;Zertifizierungsstelle ZH;1;0;12.05.2021 07:49;01.02.2021 08:24;12.05.2021 07:49; ;2415.3;62.18;47.59;18.89;16.83; ; ; ; ; ; ; ; ; ;NEUHEGI, BAUFELD 4.3, Winterthur, Solarstrasse 27, 8400 Winterthur;Fernwärme (<=25% nicht erneuerbar) und Photovoltaik
65313;ZH-817-P;NEUHEGI, BAUFELD 4.3, Winterthur;NEUHEGI, BAUFELD 4.3, Winterthur;Solarstrasse 29;8400;Winterthur;ZH;230;provisorisch;Minergie-P;Label;Zertifizierungsstelle ZH;1;0;12.05.2021 07:49;01.02.2021 08:24;12.05.2021 07:49; ;2415.3;62.18;47.59;18.89;16.83; ; ; ; ; ; ; ; ; ;NEUHEGI, BAUFELD 4.3, Winterthur, Solarstrasse 29, 8400 Winterthur;Fernwärme (<=25% nicht erneuerbar) und Photovoltaik
65316;ZH-9613;MFH Altwiesenstrasse;MFH Altwiesenstrasse;Altwiesenstrasse 284;8051;Zürich;ZH;261;provisorisch;Minergie;Label;Zertifizierungsstelle ZH;1;1;25.05.2021 11:34;01.02.2021 09:25;25.05.2021 11:34; ;3380.1;59.86;53.2;27.54;25; ; ; ; ; ; ; ; ; ;MFH Altwiesenstrasse, Altwiesenstrasse 284, 8051 Zürich;Fernwärme (>50% erneuerbar) und Photovoltaik
65307;ZH-820-P;Wohnüberbauung Morgenthal, Zugerstrasse 29;Wohnüberbauung Morgenthal, Haus A, Zugerstrasse 29;Zugerstrasse 29;8816;Hirzel;ZH;295;provisorisch;Minergie-P;Label;Zertifizierungsstelle ZH;1;1;28.05.2021 07:59;04.02.2021 07:19;28.05.2021 07:59; ;1998;54.52;47.89;23.59;21.6; ; ; ; ; ;HL3198; ; ; ;Wohnüberbauung Morgenthal, Haus A, Zugerstrasse 29, Zugerstrasse 29, 8816 Hirzel;Pelletfeuerung, Begleitheizbänder und Begleitheizbänder
65308;ZH-821-P;Wohnüberbauung Morgenthal, Zugerstrasse 31;Wohnüberbauung Morgenthal, Haus B, Zugerstrasse 31;Zugerstrasse 31;8816;Hirzel;ZH;295;provisorisch;Minergie-P;Label;Zertifizierungsstelle ZH;1;1;28.05.2021 08:00;04.02.2021 07:40;28.05.2021 08:00; ;1847;54.83;47.96;23.07;22.8; ; ; ; ; ;HL3198; ; ; ;Wohnüberbauung Morgenthal, Haus B, Zugerstrasse 31, Zugerstrasse 31, 8816 Hirzel;Pelletfeuerung, Begleitheizbänder und Begleitheizbänder
65309;ZH-822-P;Wohnüberbauung Morgenthal, Zugerstrasse 33;Wohnüberbauung Morgenthal, Haus C, Zugerstrasse 33;Zugerstrasse 33;8816;Hirzel;ZH;295;provisorisch;Minergie-P;Label;Zertifizierungsstelle ZH;1;1;28.05.2021 08:00;04.02.2021 08:06;28.05.2021 08:00; ;1880;54.52;47.66;24.54;22.2; ; ; ; ; ;HL3198; ; ; ;Wohnüberbauung Morgenthal, Haus C, Zugerstrasse 33, Zugerstrasse 33, 8816 Hirzel;Pelletfeuerung, Begleitheizbänder und Begleitheizbänder
61827;ZH-9592;Neubau Verkaufsstellen mit Wohnungen;Neubau Verkaufsstellen mit Wohnungen;Sonnenrain 59;8700;Küsnacht / Itschnach;ZH;154;provisorisch;Minergie;Label;Zertifizierungsstelle ZH;1;0;16.03.2021 09:01;04.02.2021 17:08;16.03.2021 09:01; ;2148.5;74.54;20.31;38.2;26.47; ; ; ; ; ; ; ; ; ;Neubau Verkaufsstellen mit Wohnungen, Sonnenrain 59, 8700 Küsnacht / Itschnach;Erdsonden-WP, Heizung, Erdsonden-WP, Warmwasser, Luft-Wärmepumpe, Heizung und Photovoltaik
65413;ZH-808-P;2 MFH Ritterhausstrasse Uerikon - Haus A;2 MFH Ritterhausstrasse Uerikon - Haus A;Ritterhausstrasse 21;8713;Uerikon;ZH;158;provisorisch;Minergie-P;Label;Zertifizierungsstelle ZH;1;1;26.04.2021 15:14;08.02.2021 23:40;26.04.2021 15:14; ;1153;50;49.13;26.87;25.56; ; ; ; ; ; ; ; ; ;2 MFH Ritterhausstrasse Uerikon - Haus A, Ritterhausstrasse 21, 8713 Uerikon;Erdsonden-WP, Heizung, Erdsonden-WP, Warmwasser, Begleitheizbänder und Photovoltaik
65414;ZH-809-P;2 MFH Ritterhausstrasse Uerikon - Haus B;2 MFH Ritterhausstrasse Uerikon - Haus B;Ritterhausstrasse 23;8713;Uerikon;ZH;158;provisorisch;Minergie-P;Label;Zertifizierungsstelle ZH;1;1;26.04.2021 15:15;08.02.2021 23:41;26.04.2021 15:15; ;1184.4;50;49.19;26.45;25.33; ; ; ; ; ; ; ; ; ;2 MFH Ritterhausstrasse Uerikon - Haus B, Ritterhausstrasse 23, 8713 Uerikon;Erdsonden-WP, Heizung, Erdsonden-WP, Warmwasser, Begleitheizbänder und Photovoltaik
65383;ZH-811-P;Neubau MFH Neuhofstrasse 10;MFH Neuhofstrasse 10, 8330 Pfäffikon;Neuhofstrasse 10;8330;Pfäffikon;ZH;177;provisorisch;Minergie-P;Label;Zertifizierungsstelle ZH;1;1;10.05.2021 12:07;09.02.2021 09:00;10.05.2021 12:07; ;1902.7;74.16;70.34;24.94;23.97; ; ; ; ; ; ; ; ; ;MFH Neuhofstrasse 10, 8330 Pfäffikon, Neuhofstrasse 10, 8330 Pfäffikon;Erdsonden-WP, Heizung, Erdsonden-WP, Warmwasser und Photovoltaik
65384;ZH-812-P;MFH Neuhofstrasse 12, 8330 Pfäffikon;MFH Neuhofstrasse 12, 8330 Pfäffikon;Neuhofstrasse 12;8330;Pfäffikon;ZH;177;provisorisch;Minergie-P;Label;Zertifizierungsstelle ZH;1;1;10.05.2021 12:08;09.02.2021 09:11;10.05.2021 12:08; ;1865.4;40.19;39.56;21.25;19.44; ; ; ; ; ; ; ; ; ;MFH Neuhofstrasse 12, 8330 Pfäffikon, Neuhofstrasse 12, 8330 Pfäffikon;Erdsonden-WP, Heizung, Erdsonden-WP, Warmwasser und Photovoltaik
65432;ZH-9600;Neubau Goldbacherstrasse 3 Küsnacht;Neubau FH mit Gewerbe;Goldbacherstrasse 3;8700;Küsnacht;ZH;154;provisorisch;Minergie;Label;Zertifizierungsstelle ZH;1;0;26.04.2021 16:00;10.02.2021 15:06;26.04.2021 16:00; ;1133.9;67.69;67.48;35.36;34.35; ; ; ; ; ;6110; ; ; ;Neubau FH mit Gewerbe, Goldbacherstrasse 3, 8700 Küsnacht;Erdsonden-WP, Heizung, Erdsonden-WP, Warmwasser und Photovoltaik
65434;ZH-9601;Neubau Goldbacherstrasse 5 Küsnacht;Neubau MFH mit Gewerbe;Goldbacherstrasse 5;8700;Küsnacht;ZH;154;provisorisch;Minergie;Label;Zertifizierungsstelle ZH;1;0;26.04.2021 16:01;10.02.2021 16:27;26.04.2021 16:01; ;1331;62.45;56.2;34.62;30.38; ; ; ; ; ; ; ; ; ;Neubau MFH mit Gewerbe, Goldbacherstrasse 5, 8700 Küsnacht;Erdsonden-WP, Heizung, Erdsonden-WP, Warmwasser und Photovoltaik
63018;ZH-9621;Neubau MFH Am Oeschbrig 5, 8053 Zürich-Witikon;Neubau MFH Am Oeschbrig;Am Oeschbrig 5;8053;Zürich;ZH;261;provisorisch;Minergie;Label;Zertifizierungsstelle ZH;1;1;27.05.2021 17:32;11.02.2021 11:04;27.05.2021 17:32; ;1607.1;57.83;56.1;29.47;20.28; ; ; ; ; ; ; ; ; ;Neubau MFH Am Oeschbrig, Am Oeschbrig 5, 8053 Zürich;Erdsonden-WP, Heizung, Erdsonden-WP, Warmwasser und Photovoltaik
65511;ZH-825-P;Neubau 3 MFH Rütistrasse Haus A;Neubau 3 MFH Rütistrasse Haus A;Rütistrasse 4;8472;Seuzach - Oberohringen;ZH;227;provisorisch;Minergie-P;Label;Zertifizierungsstelle ZH;1;1;28.05.2021 08:07;22.02.2021 14:35;28.05.2021 08:07; ;840;52.62;50.16;24.17;23.89; ; ; ; ; ;5752; ; ; ;Neubau 3 MFH Rütistrasse Haus A, Rütistrasse 4, 8472 Seuzach - Oberohringen;Erdsonden-WP, Heizung, Erdsonden-WP, Warmwasser, Elektro-Wassererwärmer und Photovoltaik
65513;ZH-826-P;Neubau 3 MFH Rütistrasse Haus B;Neubau 3 MFH Rütistrasse Haus B;Rütistrasse 6;8472;Seuzach - Oberohringen;ZH;227;provisorisch;Minergie-P;Label;Zertifizierungsstelle ZH;1;1;28.05.2021 08:08;22.02.2021 14:42;28.05.2021 08:08; ;882;52.52;49.08;23.33;23.33; ; ; ; ; ;5752; ; ; ;Neubau 3 MFH Rütistrasse Haus B, Rütistrasse 6, 8472 Seuzach - Oberohringen;Erdsonden-WP, Heizung, Erdsonden-WP, Warmwasser, Elektro-Wassererwärmer und Photovoltaik
65514;ZH-827-P;Neubau 3 MFH Rütistrasse Haus C;Neubau 3 MFH Rütistrasse Haus C;Rütistrasse 8;8472;Seuzach - Oberohringen;ZH;227;provisorisch;Minergie-P;Label;Zertifizierungsstelle ZH;1;1;28.05.2021 08:08;22.02.2021 14:43;28.05.2021 08:08; ;768;52.35;49.06;24.89;23.89; ; ; ; ; ;5752; ; ; ;Neubau 3 MFH Rütistrasse Haus C, Rütistrasse 8, 8472 Seuzach - Oberohringen;Erdsonden-WP, Heizung, Erdsonden-WP, Warmwasser, Elektro-Wassererwärmer und Photovoltaik
65518;ZH-9598;Aufstockung EFH Uster;Aufstockung EFH Uster;Krämerackerstrasse 37;8610;Uster;ZH;198;provisorisch;Minergie;Label;Zertifizierungsstelle ZH;1;0;31.03.2021 08:26;25.02.2021 09:02;31.03.2021 08:26; ;382;55;51.19;39.35;38.61; ; ; ; ; ; ; ; ; ;Aufstockung EFH Uster, Krämerackerstrasse 37, 8610 Uster;Erdsonden-WP, Heizung, Erdsonden-WP, Warmwasser, Elektro-Wassererwärmer und Photovoltaik
65456;ZH-9596;Systemerneuerung EFH Oberhausensteig Wettswil Chaney;EFH Oberhausensteig Wettswil Chaney;Oberhausensteig 32;8907;Wettswil;ZH;14;provisorisch;Minergie;Systemerneuerung;Zertifizierungsstelle ZH;1;1;30.03.2021 13:10;25.02.2021 13:46;30.03.2021 13:10; ;324; ; ; ; ; ;0; ; ; ; ; ; ; ;EFH Oberhausensteig Wettswil Chaney, Oberhausensteig 32, 8907 WEttswil;Erdsonden-WP, Heizung und Erdsonden-WP, Warmwasser
65557;ZH-9623;ZFH Ramseier, Mönchaltorf;ZFH Ramseier, Mönchaltorf;Silbergruebstrasse 999;8617;Mönchaltorf;ZH;196;provisorisch;Minergie;Label;Zertifizierungsstelle ZH;1;1;28.05.2021 15:44;01.03.2021 09:35;28.05.2021 15:44; ;463.7;55;52.11;45.58;36.39; ; ; ; ; ;3147; ; ; ;ZFH Ramseier, Mönchaltorf, 8617 Mönchaltorf;Erdsonden-WP, Heizung, Erdsonden-WP, Warmwasser und Photovoltaik
65567;ZH-9593;Totalsanierung EFH Fleck Weisslingen;Totalsanierung EFH Fleck Weisslingen;Leisibüel 14;8484;Weisslingen;ZH;180;provisorisch;Minergie;Systemerneuerung;Zertifizierungsstelle ZH;1;1;16.03.2021 09:02;03.03.2021 12:52;16.03.2021 09:02; ;287.4; ; ; ; ;0;0; ; ;90033;650;1001;2700964;1253462;Totalsanierung EFH Fleck Weisslingen, Leisibüel 14, 8484 Weisslingen;Wärmepumpe Erdwärmesonde, Abluft-Wärmepumpe ohne ZUL und 
65665;ZH-9603;Sanierung EFH_Wiesengrundweg 4_Schönenberg;Einfamilienhaus;Wiesengrundweg 4;8824;Schönenberg;ZH;293;provisorisch;Minergie;Systemerneuerung;Zertifizierungsstelle ZH;1;1;28.04.2021 12:58;05.03.2021 13:27;28.04.2021 12:58; ;396; ; ; ; ; ;11.4; ; ; ;WE13741;293-07657;227503.84;691452.32;Einfamilienhaus, Wiesengrundweg 4, 8824 Schönenberg;Wärmepumpe Erdwärmesonde, Erdsonden-WP, Warmwasser und Photovoltaik
65683;ZH-9599;Neubau MFH, Riedtstrasse 2, 8303 Bassersdorf;Neubau MFH, Riedtstrasse 2, Bassersdorf;Riedtstrasse 2;8303;Bassersdorf;ZH;52;provisorisch;Minergie;Label;Zertifizierungsstelle ZH;1;1;26.04.2021 16:08;08.03.2021 16:46;26.04.2021 16:08; ;1007;55;53.36;35.12;27.44; ; ; ; ; ; ; ; ; ;Neubau MFH, Riedtstrasse 2, Bassersdorf, Riedtstrasse 2, 8303 Bassersdorf;Luft-Wärmepumpe, Heizung, Luft-Wärmepumpe, Warmwasser, Elektro direkt und Photovoltaik
65625;ZH-9612;energetische Sanierung und Aufstockung MFH Brunner;energetische Sanierung und Aufstockung MFH Brunner;Kreuzbühlstrasse 16;8620;Wetzikon;ZH;121;provisorisch;Minergie;Label;Zertifizierungsstelle ZH;1;0;25.05.2021 11:31;09.03.2021 16:52;25.05.2021 11:31; ;523.7;88.85;65.6;47.5;28.6; ; ; ; ;51045;3257;2447;2702525;1241085;energetische Sanierung und Aufstockung MFH Brunner, Kreuzbühlstrasse 16, 8620 Wetzikon;Luft-Wärmepumpe, Heizung, Luft-Wärmepumpe, Warmwasser, Elektro-Wassererwärmer und Photovoltaik
65726;ZH-818-P;NB MFH (Haus A) Hundbüel 18 Russikon;NB MFH (Haus A) Hundbüel 18 Russikon;Hundbüel 18;8332;Russikon;ZH;178;provisorisch;Minergie-P;Label;Zertifizierungsstelle ZH;1;1;28.05.2021 07:51;16.03.2021 08:47;28.05.2021 07:51; ;936.9;50.46;49.8;23.75;22.28; ; ; ; ; ; ; ; ; ;NB MFH (Haus A) Hundbüel 18 Russikon, Hundbüel 18, 8332 Russikon;Erdsonden-WP, Heizung, Erdsonden-WP, Warmwasser, Elektro-Wassererwärmer und Photovoltaik
65727;ZH-819-P;NB MFH (Haus B) Hundbüel 16 Russikon;NB MFH (Haus B) Hundbüel 16 Russikon;Hundbüel 16;8332;Russikon;ZH;178;provisorisch;Minergie-P;Label;Zertifizierungsstelle ZH;1;1;28.05.2021 07:51;16.03.2021 08:49;28.05.2021 07:51; ;900.3;53.67;50.28;26.45;26.03; ; ; ; ; ; ; ; ; ;NB MFH (Haus B) Hundbüel 16 Russikon, Hundbüel 16, 8332 Russikon;Erdsonden-WP, Heizung, Erdsonden-WP, Warmwasser, Elektro-Wassererwärmer und Photovoltaik
65695;ZH-9615;Reihenhäuser Müliwiesstrasse;Reihenhäuser Müliwiesstrasse;Müliwiesstrasse 3;8487;Zell;ZH;231;provisorisch;Minergie;Label;Zertifizierungsstelle ZH;1;1;27.05.2021 17:30;19.03.2021 11:31;27.05.2021 17:30; ;199;55;53.4;40.98;38.33; ; ; ; ; ; ; ; ; ;Reihenhäuser Müliwiesstrasse, Müliwiesstrasse 3, 8487 Zell;Luft-Wärmepumpe, Heizung, Luft-Wärmepumpe, Warmwasser, Begleitheizbänder und Photovoltaik
65695;ZH-9616;Reihenhäuser Müliwiesstrasse;Reihenhäuser Müliwiesstrasse;Müliwiesstrasse 5;8487;Zell;ZH;231;provisorisch;Minergie;Label;Zertifizierungsstelle ZH;1;1;27.05.2021 17:30;19.03.2021 11:31;27.05.2021 17:30; ;196;55;53.4;40.98;38.33; ; ; ; ; ; ; ; ; ;Reihenhäuser Müliwiesstrasse, Müliwiesstrasse 5, 8487 Zell;Luft-Wärmepumpe, Heizung, Luft-Wärmepumpe, Warmwasser, Begleitheizbänder und Photovoltaik
65695;ZH-9617;Reihenhäuser Müliwiesstrasse;Reihenhäuser Müliwiesstrasse;Müliwiesstrasse 7;8487;Zell;ZH;231;provisorisch;Minergie;Label;Zertifizierungsstelle ZH;1;1;27.05.2021 17:30;19.03.2021 11:31;27.05.2021 17:30; ;192;55;53.4;40.98;38.33; ; ; ; ; ; ; ; ; ;Reihenhäuser Müliwiesstrasse, Müliwiesstrasse 7, 8487 Zell;Luft-Wärmepumpe, Heizung, Luft-Wärmepumpe, Warmwasser, Begleitheizbänder und Photovoltaik
65695;ZH-9618;Reihenhäuser Müliwiesstrasse;Reihenhäuser Müliwiesstrasse;Müliwiesstrasse 9;8487;Zell;ZH;231;provisorisch;Minergie;Label;Zertifizierungsstelle ZH;1;1;27.05.2021 17:30;19.03.2021 11:31;27.05.2021 17:30; ;106;55;53.4;40.98;38.33; ; ; ; ; ; ; ; ; ;Reihenhäuser Müliwiesstrasse, Müliwiesstrasse 9, 8487 Zell;Luft-Wärmepumpe, Heizung, Luft-Wärmepumpe, Warmwasser, Begleitheizbänder und Photovoltaik
65682;ZH-9619;MFH Höhenstrasse, 8127 Forch ZH;Neubau 2 MFH, 8127 Forch ZH;Höhenstrasse 29;8127;Forch;ZH;195;provisorisch;Minergie;Label;Zertifizierungsstelle ZH;1;0;27.05.2021 17:31;22.03.2021 10:38;27.05.2021 17:31; ;856.1;55;54.56;38.38;31.49; ; ; ; ; ; ; ; ; ;Neubau 2 MFH, 8127 Forch ZH, Höhenstrasse 29, 8127 Forch;Erdsonden-WP, Heizung, Erdsonden-WP, Warmwasser, Elektro-Wassererwärmer und Photovoltaik
65682;ZH-9620;MFH Höhenstrasse, 8127 Forch ZH;Neubau 2 MFH, 8127 Forch ZH;Höhenstrasse 31;8127;Forch;ZH;195;provisorisch;Minergie;Label;Zertifizierungsstelle ZH;1;0;27.05.2021 17:31;22.03.2021 10:38;27.05.2021 17:31; ;856.1;55;54.56;38.38;31.49; ; ; ; ; ; ; ; ; ;Neubau 2 MFH, 8127 Forch ZH, Höhenstrasse 31, 8127 Forch;Erdsonden-WP, Heizung, Erdsonden-WP, Warmwasser, Elektro-Wassererwärmer und Photovoltaik
65553;ZH-9610;2021.002 Neubau DEFH Hettlingerstrasse, 8472 Seuzach;Neubau DEFH (Haus1);Hettlingerstrasse 999;8472;Seuzach;ZH;227;provisorisch;Minergie;Label;Zertifizierungsstelle ZH;1;1;25.05.2021 18:02;24.03.2021 14:42;25.05.2021 18:02; ;250;55.67;52.7;43.3;33; ; ; ; ; ; ; ; ; ;Neubau DEFH (Haus1), Hettlingerstrasse 999, 8472 Seuzach;Luft-Wärmepumpe, Heizung, Luft-Wärmepumpe, Warmwasser, Elektro-Wassererwärmer und Photovoltaik
65553;ZH-9611;2021.002 Neubau DEFH Hettlingerstrasse, 8472 Seuzach;Neubau DEFH (Haus 2);Hettlingerstrasse 998;8472;Seuzach;ZH;227;provisorisch;Minergie;Label;Zertifizierungsstelle ZH;1;0;25.05.2021 18:02;24.03.2021 14:42;25.05.2021 18:02; ;221;55.67;52.7;43.3;33; ; ; ; ; ; ; ; ; ;Neubau DEFH (Haus 2), Hettlingerstrasse 998, 8472 Seuzach;Luft-Wärmepumpe, Heizung, Luft-Wärmepumpe, Warmwasser, Elektro-Wassererwärmer und Photovoltaik
65696;ZH-835-P;Ersatzneubau EFH, Untere Bergstrasse 55, Wädenswil;Ersatzneubau EFH;Untere Bergstrasse 55;8820;Wädenswil;ZH;293;provisorisch;Minergie-P;Label;Zertifizierungsstelle ZH;1;0;28.05.2021 08:12;29.03.2021 11:58;28.05.2021 08:12; ;451;50;46;32.84;29.39; ; ; ; ; ;WE13746; ; ; ;Ersatzneubau EFH, Untere Bergstrasse 55, 8820 Wädenswil;Luft-Wärmepumpe, Heizung, Elektro direkt, Luft-Wärmepumpe, Warmwasser, Elektro-Wassererwärmer und Photovoltaik
65980;ZH-823-P;Ersatzneubau EFH-Florastrasse 65 Uster;Ersatzneubau EFH-Florastrasse 65 Uster;Florastrasse 65;8610;Uster;ZH;198;provisorisch;Minergie-P;Label;Zertifizierungsstelle ZH;1;1;25.05.2021 11:40;08.04.2021 16:13;25.05.2021 11:40; ;362;50;48.99;31.15;30.37; ; ; ; ; ;B4649; ; ; ;Ersatzneubau EFH-Florastrasse 65 Uster, Florastrasse 65, 8610 Uster;Erdsonden-WP, Heizung, Erdsonden-WP, Warmwasser, Elektro-Wassererwärmer und Photovoltaik
66058;ZH-9608;19.086 Umbau Geschäftshaus;Umbau Geschäftshaus;Freigutstrasse 16;8027;Zürich;ZH;261;provisorisch;Minergie;Label;Zertifizierungsstelle ZH;1;1;12.05.2021 08:07;20.04.2021 11:47;12.05.2021 08:07; ;4280;129.16;111.02;0;0; ; ; ; ; ; ; ; ; ;Umbau Geschäftshaus, Freigutstrasse 16, 8027 Zürich;Luft-Wärmepumpe, Heizung, Luft-Wärmepumpe, Warmwasser und Photovoltaik
66047;ZH-9607;Sanierung EFH Dorfstrasse 20;Sanierung EFH Dorfstrasse 20;Dorfstrasse 20;8914;Aeugst am Albis;ZH;1;provisorisch;Minergie;Label;Zertifizierungsstelle ZH;1;1;12.05.2021 08:10;22.04.2021 09:59;12.05.2021 08:10; ;279.8;90;69.47;0;0; ; ; ; ; ; ; ; ; ;Sanierung EFH Dorfstrasse 20, Dorfstrasse 20, 8914 Aeugst am Albis;Erdsonden-WP, Heizung, Erdsonden-WP, Warmwasser, Solarenergie therm. Warmwasser und Photovoltaik
